{
	"system" : {
		"platform" : "windows64",
		"os_name" : "Windows 7",
		"os_version" : "6.2"
	},
	"error" : {
		"executable" : "quartus",
		"comment" : "not_applicable",
		"error_message" : "Access Violation at 0X0000000058D2EB1B",
		"source_file" : "unknown",
		"line" : "0",
		"stack_trace" : "\t 0x58d2eb1a: QtCore4 + 0x13eb1a (?cast@QMetaObject@@QEBAPEAVQObject@@PEAV2@@Z + 0x1a)\n\t 0x5851cf1a: QtGui4 + 0x42cf1a (?eventFilter@QMdiArea@@MEAA_NPEAVQObject@@PEAVQEvent@@@Z + 0x6a)\n\t 0x58d2c9b2: QtCore4 + 0x13c9b2 (?sendThroughApplicationEventFilters@QCoreApplicationPrivate@@QEAA_NPEAVQObject@@PEAVQEvent@@@Z + 0x92)\n\t 0x5811c68d: QtGui4 + 0x2c68d (?notify_helper@QApplicationPrivate@@QEAA_NPEAVQObject@@PEAVQEvent@@@Z + 0x1d)\n\t 0x5811c3ff: QtGui4 + 0x2c3ff (?notify@QApplication@@UEAA_NPEAVQObject@@PEAVQEvent@@@Z + 0x17bf)\n\t 0x58d2aaab: QtCore4 + 0x13aaab (?notifyInternal@QCoreApplication@@AEAA_NPEAVQObject@@PEAVQEvent@@@Z + 0x7b)\n\t 0x58116752: QtGui4 + 0x26752 (?enterModal@QApplicationPrivate@@SAXPEAVQWidget@@@Z + 0x172)\n\t 0x58176106: QtGui4 + 0x86106 (?show_helper@QWidgetPrivate@@QEAAXXZ + 0x226)\n\t 0x58174c98: QtGui4 + 0x84c98 (?setVisible@QWidget@@UEAAX_N@Z + 0x308)\n\t 0x585aba5d: QtGui4 + 0x4bba5d (?setVisible@QDialog@@UEAAX_N@Z + 0xcd)\n\t 0x585aac71: QtGui4 + 0x4bac71 (?exec@QDialog@@QEAAHXZ + 0xa1)\n\t0x7ffea32db693: GCL_AFCQ + 0x9b693 (?prompt_display@AFCQ_MSG_DISPLAY@@UEAAHPEAVMSG_PROMPT@@@Z + 0x2c3)\n\t0x7ffee7849ca8: CCL_MSG + 0x19ca8 (?prompt@MSG_YN@@UEAA?AW4MSG_VALUE@MSG_PROMPT@@PEAVMSG_REPORT@@@Z + 0x8)\n\t0x7ffeb41c8347: SYS_QUI + 0x48347 (?stop_action@QUI_PROCESSING_MENU@@UEAAXXZ + 0x97)\n\t 0x58d3c160: QtCore4 + 0x14c160 (?activate@QMetaObject@@SAXPEAVQObject@@PEBU1@HPEAPEAX@Z + 0x520)\n\t 0x580fc13f: QtGui4 + 0xc13f (?activate@QAction@@QEAAXW4ActionEvent@1@@Z + 0xdf)\n\t 0x58531d83: QtGui4 + 0x441d83 (?actionGeometry@QMenu@@QEBA?AVQRect@@PEAVQAction@@@Z + 0x443)\n\t 0x58531c15: QtGui4 + 0x441c15 (?actionGeometry@QMenu@@QEBA?AVQRect@@PEAVQAction@@@Z + 0x2d5)\n\t 0x58165174: QtGui4 + 0x75174 (?event@QWidget@@MEAA_NPEAVQEvent@@@Z + 0xd4)\n\t 0x58532ec4: QtGui4 + 0x442ec4 (?event@QMenu@@MEAA_NPEAVQEvent@@@Z + 0x284)\n\t 0x5811c765: QtGui4 + 0x2c765 (?notify_helper@QApplicationPrivate@@QEAA_NPEAVQObject@@PEAVQEvent@@@Z + 0xf5)\n\t 0x5811b35e: QtGui4 + 0x2b35e (?notify@QApplication@@UEAA_NPEAVQObject@@PEAVQEvent@@@Z + 0x71e)\n\t 0x58d2aaab: QtCore4 + 0x13aaab (?notifyInternal@QCoreApplication@@AEAA_NPEAVQObject@@PEAVQEvent@@@Z + 0x7b)\n\t 0x5811fa3e: QtGui4 + 0x2fa3e (?sendMouseEvent@QApplicationPrivate@@SA_NPEAVQWidget@@PEAVQMouseEvent@@00PEAPEAV2@AEAV?$QPointer@VQWidget@@@@_N@Z + 0x1de)\n\t 0x581941a6: QtGui4 + 0xa41a6 (?trUtf8@QScrollBar@@SA?AVQString@@PEBD0H@Z + 0x10c6)\n\t 0x58197f61: QtGui4 + 0xa7f61 (?winMouseButtonUp@QApplication@@SAXXZ + 0x2771)\n\t0x7ffefe435c0c: USER32 + 0x15c0c (CallWindowProcW + 0x3bc)\n\t0x7ffefe435601: USER32 + 0x15601 (DispatchMessageW + 0x1f1)\n\t 0x58d58f42: QtCore4 + 0x168f42 (?processEvents@QEventDispatcherWin32@@UEAA_NV?$QFlags@W4ProcessEventsFlag@QEventLoop@@@@@Z + 0x3e2)\n\t 0x5818f864: QtGui4 + 0x9f864 (?openPopup@QApplicationPrivate@@QEAAXPEAVQWidget@@@Z + 0x204)\n\t 0x58d2b0f9: QtCore4 + 0x13b0f9 (?processEvents@QCoreApplication@@SAXV?$QFlags@W4ProcessEventsFlag@QEventLoop@@@@@Z + 0x49)\n\t0x7ffeb4193c16: SYS_QUI + 0x13c16 (?trUtf8@QUI_WINDOW_MENU@@SA?AVQString@@PEBD0H@Z + 0x86)\n\t0x7ffee7801273: ccl_thr + 0x1273 (thr_qt_process_events + 0x43)\n\t0x7ffedc754ba2: sys_flow + 0x4ba2 (?fitter_ran_dat@FLOW_FACADE@@QEBA_NXZ + 0x302)\n\t0x7ffedc763850: sys_flow + 0x13850 (?flow_finish_flow@@YAXPEAVFLOW_FACADE@@AEAW4GEN_EXE_RETURN_CODE@@@Z + 0xd40)\n\t0x7ffedc76b979: sys_flow + 0x1b979 (?flow_do_cloud_notify_post_process_script@@YA?AW4GEN_EXE_RETURN_CODE@@PEAVFLOW_FACADE@@PEBD_N@Z + 0x259)\n\t0x7ffedc770514: sys_flow + 0x20514 (?flow_do_cloud_notify_post_process_script@@YA?AW4GEN_EXE_RETURN_CODE@@PEAVFLOW_FACADE@@PEBD_N@Z + 0x4df4)\n\t0x7ffedc76af1d: sys_flow + 0x1af1d (flow_get_user_string + 0x10cd)\n\t0x7ffedc7693fa: sys_flow + 0x193fa (flow_execute_custom + 0x81a)\n\t0x7ffedc768b79: sys_flow + 0x18b79 (flow_execute + 0x39)\n\t0x7ffeb4191950: SYS_QUI + 0x11950 (?on_start_flow@QUI_APP@@MEAA?AW4GEN_EXE_RETURN_CODE@@HVQString@@@Z + 0x420)\n\t0x7ffeb41d0d65: SYS_QUI + 0x50d65 (?qt_static_metacall@QUI_APP@@CAXPEAVQObject@@W4Call@QMetaObject@@HPEAPEAX@Z + 0xa5)\n\t 0x58d3fd57: QtCore4 + 0x14fd57 (?event@QObject@@UEAA_NPEAVQEvent@@@Z + 0xe7)\n\t 0x58116bad: QtGui4 + 0x26bad (?event@QApplication@@MEAA_NPEAVQEvent@@@Z + 0x38d)\n\t 0x5811c765: QtGui4 + 0x2c765 (?notify_helper@QApplicationPrivate@@QEAA_NPEAVQObject@@PEAVQEvent@@@Z + 0xf5)\n\t 0x5811c3ff: QtGui4 + 0x2c3ff (?notify@QApplication@@UEAA_NPEAVQObject@@PEAVQEvent@@@Z + 0x17bf)\n\t 0x58d2aaab: QtCore4 + 0x13aaab (?notifyInternal@QCoreApplication@@AEAA_NPEAVQObject@@PEAVQEvent@@@Z + 0x7b)\n\t 0x58d2c772: QtCore4 + 0x13c772 (?sendPostedEvents@QCoreApplicationPrivate@@SAXPEAVQObject@@HPEAVQThreadData@@@Z + 0x2b2)\n\t 0x58d59758: QtCore4 + 0x169758 (?processEvents@QEventDispatcherWin32@@UEAA_NV?$QFlags@W4ProcessEventsFlag@QEventLoop@@@@@Z + 0xbf8)\n\t0x7ffefe435c0c: USER32 + 0x15c0c (CallWindowProcW + 0x3bc)\n\t0x7ffefe435601: USER32 + 0x15601 (DispatchMessageW + 0x1f1)\n\t 0x58d58f42: QtCore4 + 0x168f42 (?processEvents@QEventDispatcherWin32@@UEAA_NV?$QFlags@W4ProcessEventsFlag@QEventLoop@@@@@Z + 0x3e2)\n\t 0x5818f864: QtGui4 + 0x9f864 (?openPopup@QApplicationPrivate@@QEAAXPEAVQWidget@@@Z + 0x204)\n\t 0x58d26a7b: QtCore4 + 0x136a7b (?exec@QEventLoop@@QEAAHV?$QFlags@W4ProcessEventsFlag@QEventLoop@@@@@Z + 0x22b)\n\t 0x58d29cbf: QtCore4 + 0x139cbf (?exec@QCoreApplication@@SAHXZ + 0xdf)\n\t0x7ff7e6e5197b: quartus + 0x197b\n\t0x7ffee783cad8: CCL_MSG + 0xcad8 (?msg_initialize_out_of_memory_handler@@YAXXZ + 0x378)\n\t0x7ffee783e20c: CCL_MSG + 0xe20c (?msg_set_stack_size@@YAXH@Z + 0x7c)\n\t0x7ffee7985aa0: ccl_mem + 0x5aa0 (?mem_gen_get_project_output_directory@@YAPEBDXZ + 0x64)\n\t0x7ffee783c721: CCL_MSG + 0xc721 (?msg_exe_main@@YAHHPEAPEBDP6AHH0@Z@Z + 0xa1)\n\t0x7ff7e6e52507: quartus + 0x2507\n\t0x7ff7e6e51e74: quartus + 0x1e74\n\t0x7ffefec77bd3: KERNEL32 + 0x17bd3 (BaseThreadInitThunk + 0x13)\n\t0x7ffeffcece50: ntdll + 0x6ce50 (RtlUserThreadStart + 0x20)\n",
		"subsystem" : "unknown"
	},
	"quartus" : {
		"quartus_bits" : "64",
		"version" : "14.1.0",
		"build" : "186",
		"edition" : "Full Version"
	}
}